-- phpMyAdmin SQL Dump
-- version 5.2.1
-- https://www.phpmyadmin.net/
--
-- Hôte : 127.0.0.1:3306
-- Généré le : jeu. 19 déc. 2024 à 14:35
-- Version du serveur : 8.3.0
-- Version de PHP : 8.2.18

SET SQL_MODE = "NO_AUTO_VALUE_ON_ZERO";
START TRANSACTION;
SET time_zone = "+00:00";


/*!40101 SET @OLD_CHARACTER_SET_CLIENT=@@CHARACTER_SET_CLIENT */;
/*!40101 SET @OLD_CHARACTER_SET_RESULTS=@@CHARACTER_SET_RESULTS */;
/*!40101 SET @OLD_COLLATION_CONNECTION=@@COLLATION_CONNECTION */;
/*!40101 SET NAMES utf8mb4 */;

--
-- Base de données : `batnav`
--

-- --------------------------------------------------------

--
-- Structure de la table `bateaux`
--

DROP TABLE IF EXISTS `bateaux`;
CREATE TABLE IF NOT EXISTS `bateaux` (
  `bateau_id` int NOT NULL,
  `type` varchar(100) NOT NULL,
  `total_cells` int DEFAULT NULL,
  `touched_cells` int DEFAULT '0',
  `player_id` int DEFAULT '1',
  UNIQUE KEY `bateau_id_2` (`bateau_id`),
  KEY `bateau_id` (`bateau_id`)
) ENGINE=MyISAM DEFAULT CHARSET=utf8mb4 COLLATE=utf8mb4_0900_ai_ci;

--
-- Déchargement des données de la table `bateaux`
--

INSERT INTO `bateaux` (`bateau_id`, `type`, `total_cells`, `touched_cells`, `player_id`) VALUES
(21, ' torpilleur', 2, 0, 1),
(22, ' torpilleur', 2, 0, 1),
(31, 'sous-marin', 3, 0, 1),
(32, 'sous-marin', 3, 0, 1),
(4, ' Croiseur', 4, 0, 1),
(5, ' Porte-avions', 5, 0, 1),
(121, 'torpilleur', 2, 0, 2),
(122, 'torpilleur', 2, 0, 2),
(131, 'sous-marin', 3, 0, 2),
(132, 'sous-marin', 3, 0, 2),
(14, 'Croiseur', 4, 0, 1),
(15, 'Porte-avions', 5, 0, 2);

-- --------------------------------------------------------

--
-- Structure de la table `game`
--

DROP TABLE IF EXISTS `game`;
CREATE TABLE IF NOT EXISTS `game` (
  `id` int NOT NULL AUTO_INCREMENT,
  `row` int NOT NULL,
  `column` int NOT NULL,
  `bateau_id` int NOT NULL,
  `touche` tinyint(1) DEFAULT '0',
  `player_id` int DEFAULT NULL,
  PRIMARY KEY (`id`),
  KEY `fk_bateau_id` (`bateau_id`)
) ENGINE=MyISAM AUTO_INCREMENT=401 DEFAULT CHARSET=utf8mb4 COLLATE=utf8mb4_0900_ai_ci;

--
-- Déchargement des données de la table `game`
--

INSERT INTO `game` (`id`, `row`, `column`, `bateau_id`, `touche`, `player_id`) VALUES
(1, 0, 0, 31, 0, 1),
(2, 0, 1, 0, 0, 1),
(3, 0, 2, 0, 0, 1),
(4, 0, 3, 0, 0, 1),
(5, 0, 4, 0, 0, 1),
(6, 0, 5, 0, 0, 1),
(7, 0, 6, 0, 0, 1),
(8, 0, 7, 21, 0, 1),
(9, 0, 8, 21, 0, 1),
(10, 0, 9, 0, 0, 1),
(11, 1, 0, 31, 0, 1),
(12, 1, 1, 0, 0, 1),
(13, 1, 2, 0, 0, 1),
(14, 1, 3, 0, 0, 1),
(15, 1, 4, 0, 0, 1),
(16, 1, 5, 0, 0, 1),
(17, 1, 6, 0, 0, 1),
(18, 1, 7, 0, 0, 1),
(19, 1, 8, 0, 0, 1),
(20, 1, 9, 0, 0, 1),
(21, 2, 0, 31, 0, 1),
(22, 2, 1, 0, 0, 1),
(23, 2, 2, 0, 0, 1),
(24, 2, 3, 0, 0, 1),
(25, 2, 4, 0, 0, 1),
(26, 2, 5, 0, 0, 1),
(27, 2, 6, 0, 0, 1),
(28, 2, 7, 0, 0, 1),
(29, 2, 8, 0, 0, 1),
(30, 2, 9, 0, 0, 1),
(31, 3, 0, 0, 0, 1),
(32, 3, 1, 0, 0, 1),
(33, 3, 2, 0, 0, 1),
(34, 3, 3, 0, 0, 1),
(35, 3, 4, 0, 0, 1),
(36, 3, 5, 22, 0, 1),
(37, 3, 6, 22, 0, 1),
(38, 3, 7, 0, 0, 1),
(39, 3, 8, 0, 0, 1),
(40, 3, 9, 0, 0, 1),
(41, 4, 0, 0, 0, 1),
(42, 4, 1, 0, 0, 1),
(43, 4, 2, 0, 0, 1),
(44, 4, 3, 0, 0, 1),
(45, 4, 4, 0, 0, 1),
(46, 4, 5, 5, 0, 1),
(47, 4, 6, 0, 0, 1),
(48, 4, 7, 0, 0, 1),
(49, 4, 8, 0, 0, 1),
(50, 4, 9, 4, 0, 1),
(51, 5, 0, 0, 0, 1),
(52, 5, 1, 0, 0, 1),
(53, 5, 2, 0, 0, 1),
(54, 5, 3, 0, 0, 1),
(55, 5, 4, 0, 0, 1),
(56, 5, 5, 5, 0, 1),
(57, 5, 6, 0, 0, 1),
(58, 5, 7, 0, 0, 1),
(59, 5, 8, 0, 0, 1),
(60, 5, 9, 4, 0, 1),
(61, 6, 0, 0, 0, 1),
(62, 6, 1, 0, 0, 1),
(63, 6, 2, 0, 0, 1),
(64, 6, 3, 0, 0, 1),
(65, 6, 4, 0, 0, 1),
(66, 6, 5, 5, 0, 1),
(67, 6, 6, 0, 0, 1),
(68, 6, 7, 0, 0, 1),
(69, 6, 8, 0, 0, 1),
(70, 6, 9, 4, 0, 1),
(71, 7, 0, 32, 0, 1),
(72, 7, 1, 32, 0, 1),
(73, 7, 2, 32, 0, 1),
(74, 7, 3, 0, 0, 1),
(75, 7, 4, 0, 0, 1),
(76, 7, 5, 5, 0, 1),
(77, 7, 6, 0, 0, 1),
(78, 7, 7, 0, 0, 1),
(79, 7, 8, 0, 0, 1),
(80, 7, 9, 4, 0, 1),
(81, 8, 0, 0, 0, 1),
(82, 8, 1, 0, 0, 1),
(83, 8, 2, 0, 0, 1),
(84, 8, 3, 0, 0, 1),
(85, 8, 4, 0, 0, 1),
(86, 8, 5, 5, 0, 1),
(87, 8, 6, 0, 0, 1),
(88, 8, 7, 0, 0, 1),
(89, 8, 8, 0, 0, 1),
(90, 8, 9, 0, 0, 1),
(91, 9, 0, 0, 0, 1),
(92, 9, 1, 0, 0, 1),
(93, 9, 2, 0, 0, 1),
(94, 9, 3, 0, 0, 1),
(95, 9, 4, 0, 0, 1),
(96, 9, 5, 0, 0, 1),
(97, 9, 6, 0, 0, 1),
(98, 9, 7, 0, 0, 1),
(99, 9, 8, 0, 0, 1),
(100, 9, 9, 0, 0, 1),
(400, 9, 9, 0, 0, 2),
(399, 9, 8, 0, 0, 2),
(398, 9, 7, 0, 0, 2),
(397, 9, 6, 0, 0, 2),
(396, 9, 5, 0, 0, 2),
(395, 9, 4, 0, 0, 2),
(394, 9, 3, 0, 0, 2),
(393, 9, 2, 0, 0, 2),
(392, 9, 1, 0, 0, 2),
(391, 9, 0, 0, 0, 2),
(390, 8, 9, 0, 0, 2),
(389, 8, 8, 0, 0, 2),
(388, 8, 7, 0, 0, 2),
(387, 8, 6, 0, 0, 2),
(386, 8, 5, 15, 0, 2),
(385, 8, 4, 0, 0, 2),
(384, 8, 3, 0, 0, 2),
(383, 8, 2, 0, 0, 2),
(382, 8, 1, 0, 0, 2),
(381, 8, 0, 0, 0, 2),
(380, 7, 9, 14, 0, 2),
(379, 7, 8, 0, 0, 2),
(378, 7, 7, 0, 0, 2),
(377, 7, 6, 0, 0, 2),
(376, 7, 5, 15, 0, 2),
(375, 7, 4, 0, 0, 2),
(374, 7, 3, 0, 0, 2),
(373, 7, 2, 0, 0, 2),
(372, 7, 1, 0, 0, 2),
(371, 7, 0, 132, 0, 2),
(370, 6, 9, 14, 0, 2),
(369, 6, 8, 0, 0, 2),
(368, 6, 7, 0, 0, 2),
(367, 6, 6, 0, 0, 2),
(366, 6, 5, 15, 0, 2),
(365, 6, 4, 0, 0, 2),
(364, 6, 3, 0, 0, 2),
(363, 6, 2, 0, 0, 2),
(362, 6, 1, 0, 0, 2),
(361, 6, 0, 132, 0, 2),
(360, 5, 9, 14, 0, 2),
(359, 5, 8, 0, 0, 2),
(358, 5, 7, 0, 0, 2),
(357, 5, 6, 0, 0, 2),
(356, 5, 5, 15, 0, 2),
(355, 5, 4, 0, 0, 2),
(354, 5, 3, 0, 0, 2),
(353, 5, 2, 0, 0, 2),
(352, 5, 1, 0, 0, 2),
(351, 5, 0, 132, 0, 2),
(350, 4, 9, 14, 0, 2),
(349, 4, 8, 0, 0, 2),
(348, 4, 7, 0, 0, 2),
(347, 4, 6, 0, 0, 2),
(346, 4, 5, 15, 0, 2),
(345, 4, 4, 0, 0, 2),
(344, 4, 3, 0, 0, 2),
(343, 4, 2, 0, 0, 2),
(342, 4, 1, 0, 0, 2),
(341, 4, 0, 0, 0, 2),
(340, 3, 9, 0, 0, 2),
(339, 3, 8, 0, 0, 2),
(338, 3, 7, 0, 0, 2),
(337, 3, 6, 0, 0, 2),
(336, 3, 5, 0, 0, 2),
(335, 3, 4, 0, 0, 2),
(334, 3, 3, 0, 0, 2),
(333, 3, 2, 122, 0, 2),
(332, 3, 1, 0, 0, 2),
(331, 3, 0, 0, 0, 2),
(330, 2, 9, 0, 0, 2),
(329, 2, 8, 0, 0, 2),
(328, 2, 7, 0, 0, 2),
(327, 2, 6, 0, 0, 2),
(326, 2, 5, 0, 0, 2),
(325, 2, 4, 0, 0, 2),
(324, 2, 3, 0, 0, 2),
(323, 2, 2, 122, 0, 2),
(322, 2, 1, 0, 0, 2),
(321, 2, 0, 0, 0, 2),
(320, 1, 9, 0, 0, 2),
(319, 1, 8, 0, 0, 2),
(318, 1, 7, 0, 0, 2),
(317, 1, 6, 0, 0, 2),
(316, 1, 5, 0, 0, 2),
(315, 1, 4, 0, 0, 2),
(314, 1, 3, 0, 0, 2),
(313, 1, 2, 0, 0, 2),
(312, 1, 1, 0, 0, 2),
(311, 1, 0, 0, 0, 2),
(310, 0, 9, 121, 0, 2),
(309, 0, 8, 121, 0, 2),
(308, 0, 7, 0, 0, 2),
(307, 0, 6, 0, 0, 2),
(306, 0, 5, 0, 0, 2),
(305, 0, 4, 0, 0, 2),
(304, 0, 3, 0, 0, 2),
(303, 0, 2, 131, 0, 2),
(302, 0, 1, 131, 0, 2),
(301, 0, 0, 131, 0, 2);

-- --------------------------------------------------------

--
-- Structure de la table `scores`
--

DROP TABLE IF EXISTS `scores`;
CREATE TABLE IF NOT EXISTS `scores` (
  `player` varchar(50) NOT NULL,
  `score` int NOT NULL DEFAULT '0',
  `player_id` int DEFAULT NULL,
  PRIMARY KEY (`player`)
) ENGINE=MyISAM DEFAULT CHARSET=utf8mb4 COLLATE=utf8mb4_0900_ai_ci;

--
-- Déchargement des données de la table `scores`
--

INSERT INTO `scores` (`player`, `score`, `player_id`) VALUES
('player1', 0, 1),
('player2', 0, 2);
COMMIT;

/*!40101 SET CHARACTER_SET_CLIENT=@OLD_CHARACTER_SET_CLIENT */;
/*!40101 SET CHARACTER_SET_RESULTS=@OLD_CHARACTER_SET_RESULTS */;
/*!40101 SET COLLATION_CONNECTION=@OLD_COLLATION_CONNECTION */;
